{
  "project_info": {
    "project_number": "635996614463",
    "project_id": "fir-2d276",
    "storage_bucket": "fir-2d276.appspot.com"
  },
  "client": [
    {
      "client_info": {
        "mobilesdk_app_id": "1:635996614463:android:cd36cff0fc2ab2909c6d8a",
        "android_client_info": {
          "package_name": "com.example.firebase"
        }
      },
      "oauth_client": [
        {
          "client_id": "635996614463-d7sn35a1opd53a67unoi20tj8kou47vk.apps.googleusercontent.com",
          "client_type": 3
        }
      ],
      "api_key": [
        {
          "current_key": "AIzaSyAnO7qnSH77k9047FRLcV2_82WEbU7yLVQ"
        }
      ],
      "services": {
        "appinvite_service": {
          "other_platform_oauth_client": [
            {
              "client_id": "635996614463-d7sn35a1opd53a67unoi20tj8kou47vk.apps.googleusercontent.com",
              "client_type": 3
            }
          ]
        }
      }
    }
  ],
  "configuration_version": "1"
}